files,salmon_folder,well_id,Target,Vector,rep,names,group
/media/Data/Projects/DGE_seq_analysis/Sequencing_results/combined_sequencing/salmon_alignment/A01.fastq.gz/quant.sf,A01.fastq.gz,A01,NonTarget,ME240,1,NonTarget_ME240_1,NonTarget
/media/Data/Projects/DGE_seq_analysis/Sequencing_results/combined_sequencing/salmon_alignment/A02.fastq.gz/quant.sf,A02.fastq.gz,A02,NonTarget,ME240,2,NonTarget_ME240_2,NonTarget
/media/Data/Projects/DGE_seq_analysis/Sequencing_results/combined_sequencing/salmon_alignment/A03.fastq.gz/quant.sf,A03.fastq.gz,A03,NonTarget,ME240,3,NonTarget_ME240_3,NonTarget
/media/Data/Projects/DGE_seq_analysis/Sequencing_results/combined_sequencing/salmon_alignment/A04.fastq.gz/quant.sf,A04.fastq.gz,A04,NonTarget,ME240,4,NonTarget_ME240_4,NonTarget
/media/Data/Projects/DGE_seq_analysis/Sequencing_results/combined_sequencing/salmon_alignment/A10.fastq.gz/quant.sf,A10.fastq.gz,A10,DYRK3,CJ14,1,DYRK3_CJ14_1,DYRK3_CJ14
/media/Data/Projects/DGE_seq_analysis/Sequencing_results/combined_sequencing/salmon_alignment/A11.fastq.gz/quant.sf,A11.fastq.gz,A11,DYRK3,CJ14,2,DYRK3_CJ14_2,DYRK3_CJ14
/media/Data/Projects/DGE_seq_analysis/Sequencing_results/combined_sequencing/salmon_alignment/A12.fastq.gz/quant.sf,A12.fastq.gz,A12,DYRK3,CJ14,3,DYRK3_CJ14_3,DYRK3_CJ14
/media/Data/Projects/DGE_seq_analysis/Sequencing_results/combined_sequencing/salmon_alignment/A13.fastq.gz/quant.sf,A13.fastq.gz,A13,MAST2,ME318,1,MAST2_ME318_1,MAST2_ME318
/media/Data/Projects/DGE_seq_analysis/Sequencing_results/combined_sequencing/salmon_alignment/A14.fastq.gz/quant.sf,A14.fastq.gz,A14,MAST2,ME318,2,MAST2_ME318_2,MAST2_ME318
/media/Data/Projects/DGE_seq_analysis/Sequencing_results/combined_sequencing/salmon_alignment/A15.fastq.gz/quant.sf,A15.fastq.gz,A15,MAST2,ME318,3,MAST2_ME318_3,MAST2_ME318
/media/Data/Projects/DGE_seq_analysis/Sequencing_results/combined_sequencing/salmon_alignment/A16.fastq.gz/quant.sf,A16.fastq.gz,A16,PIP5K1A,ME215,1,PIP5K1A_ME215_1,PIP5K1A_ME215
/media/Data/Projects/DGE_seq_analysis/Sequencing_results/combined_sequencing/salmon_alignment/A17.fastq.gz/quant.sf,A17.fastq.gz,A17,PIP5K1A,ME215,2,PIP5K1A_ME215_2,PIP5K1A_ME215
/media/Data/Projects/DGE_seq_analysis/Sequencing_results/combined_sequencing/salmon_alignment/A18.fastq.gz/quant.sf,A18.fastq.gz,A18,PIP5K1A,ME215,3,PIP5K1A_ME215_3,PIP5K1A_ME215
/media/Data/Projects/DGE_seq_analysis/Sequencing_results/combined_sequencing/salmon_alignment/A19.fastq.gz/quant.sf,A19.fastq.gz,A19,RIOK1,ME382,1,RIOK1_ME382_1,RIOK1_ME382
/media/Data/Projects/DGE_seq_analysis/Sequencing_results/combined_sequencing/salmon_alignment/A20.fastq.gz/quant.sf,A20.fastq.gz,A20,RIOK1,ME382,2,RIOK1_ME382_2,RIOK1_ME382
/media/Data/Projects/DGE_seq_analysis/Sequencing_results/combined_sequencing/salmon_alignment/A21.fastq.gz/quant.sf,A21.fastq.gz,A21,RIOK1,ME382,3,RIOK1_ME382_3,RIOK1_ME382
/media/Data/Projects/DGE_seq_analysis/Sequencing_results/combined_sequencing/salmon_alignment/A22.fastq.gz/quant.sf,A22.fastq.gz,A22,SCYL3,CJ39,1,SCYL3_CJ39_1,SCYL3_CJ39
/media/Data/Projects/DGE_seq_analysis/Sequencing_results/combined_sequencing/salmon_alignment/A23.fastq.gz/quant.sf,A23.fastq.gz,A23,SCYL3,CJ39,2,SCYL3_CJ39_2,SCYL3_CJ39
/media/Data/Projects/DGE_seq_analysis/Sequencing_results/combined_sequencing/salmon_alignment/A24.fastq.gz/quant.sf,A24.fastq.gz,A24,SCYL3,CJ39,3,SCYL3_CJ39_3,SCYL3_CJ39
/media/Data/Projects/DGE_seq_analysis/Sequencing_results/combined_sequencing/salmon_alignment/B01.fastq.gz/quant.sf,B01.fastq.gz,B01,NonTarget,ME241,1,NonTarget_ME241_1,NonTarget
/media/Data/Projects/DGE_seq_analysis/Sequencing_results/combined_sequencing/salmon_alignment/B02.fastq.gz/quant.sf,B02.fastq.gz,B02,NonTarget,ME241,2,NonTarget_ME241_2,NonTarget
/media/Data/Projects/DGE_seq_analysis/Sequencing_results/combined_sequencing/salmon_alignment/B03.fastq.gz/quant.sf,B03.fastq.gz,B03,NonTarget,ME241,3,NonTarget_ME241_3,NonTarget
/media/Data/Projects/DGE_seq_analysis/Sequencing_results/combined_sequencing/salmon_alignment/B04.fastq.gz/quant.sf,B04.fastq.gz,B04,NonTarget,ME241,4,NonTarget_ME241_4,NonTarget
/media/Data/Projects/DGE_seq_analysis/Sequencing_results/combined_sequencing/salmon_alignment/B10.fastq.gz/quant.sf,B10.fastq.gz,B10,DYRK3,CJ49,1,DYRK3_CJ49_1,DYRK3_CJ49
/media/Data/Projects/DGE_seq_analysis/Sequencing_results/combined_sequencing/salmon_alignment/B11.fastq.gz/quant.sf,B11.fastq.gz,B11,DYRK3,CJ49,2,DYRK3_CJ49_2,DYRK3_CJ49
/media/Data/Projects/DGE_seq_analysis/Sequencing_results/combined_sequencing/salmon_alignment/B12.fastq.gz/quant.sf,B12.fastq.gz,B12,DYRK3,CJ49,3,DYRK3_CJ49_3,DYRK3_CJ49
/media/Data/Projects/DGE_seq_analysis/Sequencing_results/combined_sequencing/salmon_alignment/B13.fastq.gz/quant.sf,B13.fastq.gz,B13,NEK1,ME321,1,NEK1_ME321_1,NEK1_ME321
/media/Data/Projects/DGE_seq_analysis/Sequencing_results/combined_sequencing/salmon_alignment/B14.fastq.gz/quant.sf,B14.fastq.gz,B14,NEK1,ME321,2,NEK1_ME321_2,NEK1_ME321
/media/Data/Projects/DGE_seq_analysis/Sequencing_results/combined_sequencing/salmon_alignment/B15.fastq.gz/quant.sf,B15.fastq.gz,B15,NEK1,ME321,3,NEK1_ME321_3,NEK1_ME321
/media/Data/Projects/DGE_seq_analysis/Sequencing_results/combined_sequencing/salmon_alignment/B16.fastq.gz/quant.sf,B16.fastq.gz,B16,PIP5K1A,ME216,1,PIP5K1A_ME216_1,PIP5K1A_ME216
/media/Data/Projects/DGE_seq_analysis/Sequencing_results/combined_sequencing/salmon_alignment/B17.fastq.gz/quant.sf,B17.fastq.gz,B17,PIP5K1A,ME216,2,PIP5K1A_ME216_2,PIP5K1A_ME216
/media/Data/Projects/DGE_seq_analysis/Sequencing_results/combined_sequencing/salmon_alignment/B18.fastq.gz/quant.sf,B18.fastq.gz,B18,PIP5K1A,ME216,3,PIP5K1A_ME216_3,PIP5K1A_ME216
/media/Data/Projects/DGE_seq_analysis/Sequencing_results/combined_sequencing/salmon_alignment/B19.fastq.gz/quant.sf,B19.fastq.gz,B19,RIOK1,ME383,1,RIOK1_ME383_1,RIOK1_ME383
/media/Data/Projects/DGE_seq_analysis/Sequencing_results/combined_sequencing/salmon_alignment/B20.fastq.gz/quant.sf,B20.fastq.gz,B20,RIOK1,ME383,2,RIOK1_ME383_2,RIOK1_ME383
/media/Data/Projects/DGE_seq_analysis/Sequencing_results/combined_sequencing/salmon_alignment/B21.fastq.gz/quant.sf,B21.fastq.gz,B21,RIOK1,ME383,3,RIOK1_ME383_3,RIOK1_ME383
/media/Data/Projects/DGE_seq_analysis/Sequencing_results/combined_sequencing/salmon_alignment/B22.fastq.gz/quant.sf,B22.fastq.gz,B22,STK3,ME225,1,STK3_ME225_1,STK3_ME225
/media/Data/Projects/DGE_seq_analysis/Sequencing_results/combined_sequencing/salmon_alignment/B23.fastq.gz/quant.sf,B23.fastq.gz,B23,STK3,ME225,2,STK3_ME225_2,STK3_ME225
/media/Data/Projects/DGE_seq_analysis/Sequencing_results/combined_sequencing/salmon_alignment/B24.fastq.gz/quant.sf,B24.fastq.gz,B24,STK3,ME225,3,STK3_ME225_3,STK3_ME225
/media/Data/Projects/DGE_seq_analysis/Sequencing_results/combined_sequencing/salmon_alignment/C01.fastq.gz/quant.sf,C01.fastq.gz,C01,NonTarget,ME242,1,NonTarget_ME242_1,NonTarget
/media/Data/Projects/DGE_seq_analysis/Sequencing_results/combined_sequencing/salmon_alignment/C02.fastq.gz/quant.sf,C02.fastq.gz,C02,NonTarget,ME242,2,NonTarget_ME242_2,NonTarget
/media/Data/Projects/DGE_seq_analysis/Sequencing_results/combined_sequencing/salmon_alignment/C03.fastq.gz/quant.sf,C03.fastq.gz,C03,NonTarget,ME242,3,NonTarget_ME242_3,NonTarget
/media/Data/Projects/DGE_seq_analysis/Sequencing_results/combined_sequencing/salmon_alignment/C04.fastq.gz/quant.sf,C04.fastq.gz,C04,NonTarget,ME242,4,NonTarget_ME242_4,NonTarget
/media/Data/Projects/DGE_seq_analysis/Sequencing_results/combined_sequencing/salmon_alignment/C07.fastq.gz/quant.sf,C07.fastq.gz,C07,CDK12,ME369,1,CDK12_ME369_1,CDK12_ME369
/media/Data/Projects/DGE_seq_analysis/Sequencing_results/combined_sequencing/salmon_alignment/C08.fastq.gz/quant.sf,C08.fastq.gz,C08,CDK12,ME369,2,CDK12_ME369_2,CDK12_ME369
/media/Data/Projects/DGE_seq_analysis/Sequencing_results/combined_sequencing/salmon_alignment/C09.fastq.gz/quant.sf,C09.fastq.gz,C09,CDK12,ME369,3,CDK12_ME369_3,CDK12_ME369
/media/Data/Projects/DGE_seq_analysis/Sequencing_results/combined_sequencing/salmon_alignment/C10.fastq.gz/quant.sf,C10.fastq.gz,C10,ICK,ME311,1,ICK_ME311_1,ICK_ME311
/media/Data/Projects/DGE_seq_analysis/Sequencing_results/combined_sequencing/salmon_alignment/C11.fastq.gz/quant.sf,C11.fastq.gz,C11,ICK,ME311,2,ICK_ME311_2,ICK_ME311
/media/Data/Projects/DGE_seq_analysis/Sequencing_results/combined_sequencing/salmon_alignment/C12.fastq.gz/quant.sf,C12.fastq.gz,C12,ICK,ME311,3,ICK_ME311_3,ICK_ME311
/media/Data/Projects/DGE_seq_analysis/Sequencing_results/combined_sequencing/salmon_alignment/C13.fastq.gz/quant.sf,C13.fastq.gz,C13,NEK1,ME322,1,NEK1_ME322_1,NEK1_ME322
/media/Data/Projects/DGE_seq_analysis/Sequencing_results/combined_sequencing/salmon_alignment/C14.fastq.gz/quant.sf,C14.fastq.gz,C14,NEK1,ME322,2,NEK1_ME322_2,NEK1_ME322
/media/Data/Projects/DGE_seq_analysis/Sequencing_results/combined_sequencing/salmon_alignment/C15.fastq.gz/quant.sf,C15.fastq.gz,C15,NEK1,ME322,3,NEK1_ME322_3,NEK1_ME322
/media/Data/Projects/DGE_seq_analysis/Sequencing_results/combined_sequencing/salmon_alignment/C16.fastq.gz/quant.sf,C16.fastq.gz,C16,PIP5K1A,ME217,1,PIP5K1A_ME217_1,PIP5K1A_ME217
/media/Data/Projects/DGE_seq_analysis/Sequencing_results/combined_sequencing/salmon_alignment/C17.fastq.gz/quant.sf,C17.fastq.gz,C17,PIP5K1A,ME217,2,PIP5K1A_ME217_2,PIP5K1A_ME217
/media/Data/Projects/DGE_seq_analysis/Sequencing_results/combined_sequencing/salmon_alignment/C18.fastq.gz/quant.sf,C18.fastq.gz,C18,PIP5K1A,ME217,3,PIP5K1A_ME217_3,PIP5K1A_ME217
/media/Data/Projects/DGE_seq_analysis/Sequencing_results/combined_sequencing/salmon_alignment/C19.fastq.gz/quant.sf,C19.fastq.gz,C19,RIOK2,ME384,1,RIOK2_ME384_1,RIOK2_ME384
/media/Data/Projects/DGE_seq_analysis/Sequencing_results/combined_sequencing/salmon_alignment/C20.fastq.gz/quant.sf,C20.fastq.gz,C20,RIOK2,ME384,2,RIOK2_ME384_2,RIOK2_ME384
/media/Data/Projects/DGE_seq_analysis/Sequencing_results/combined_sequencing/salmon_alignment/C21.fastq.gz/quant.sf,C21.fastq.gz,C21,RIOK2,ME384,3,RIOK2_ME384_3,RIOK2_ME384
/media/Data/Projects/DGE_seq_analysis/Sequencing_results/combined_sequencing/salmon_alignment/C22.fastq.gz/quant.sf,C22.fastq.gz,C22,STK3,ME226,1,STK3_ME226_1,STK3_ME226
/media/Data/Projects/DGE_seq_analysis/Sequencing_results/combined_sequencing/salmon_alignment/C23.fastq.gz/quant.sf,C23.fastq.gz,C23,STK3,ME226,2,STK3_ME226_2,STK3_ME226
/media/Data/Projects/DGE_seq_analysis/Sequencing_results/combined_sequencing/salmon_alignment/C24.fastq.gz/quant.sf,C24.fastq.gz,C24,STK3,ME226,3,STK3_ME226_3,STK3_ME226
/media/Data/Projects/DGE_seq_analysis/Sequencing_results/combined_sequencing/salmon_alignment/D01.fastq.gz/quant.sf,D01.fastq.gz,D01,BRSK1,ME261,1,BRSK1_ME261_1,BRSK1_ME261
/media/Data/Projects/DGE_seq_analysis/Sequencing_results/combined_sequencing/salmon_alignment/D02.fastq.gz/quant.sf,D02.fastq.gz,D02,BRSK1,ME261,2,BRSK1_ME261_2,BRSK1_ME261
/media/Data/Projects/DGE_seq_analysis/Sequencing_results/combined_sequencing/salmon_alignment/D03.fastq.gz/quant.sf,D03.fastq.gz,D03,BRSK1,ME261,3,BRSK1_ME261_3,BRSK1_ME261
/media/Data/Projects/DGE_seq_analysis/Sequencing_results/combined_sequencing/salmon_alignment/D04.fastq.gz/quant.sf,D04.fastq.gz,D04,CDK10,ME277,1,CDK10_ME277_1,CDK10_ME277
/media/Data/Projects/DGE_seq_analysis/Sequencing_results/combined_sequencing/salmon_alignment/D05.fastq.gz/quant.sf,D05.fastq.gz,D05,CDK10,ME277,2,CDK10_ME277_2,CDK10_ME277
/media/Data/Projects/DGE_seq_analysis/Sequencing_results/combined_sequencing/salmon_alignment/D06.fastq.gz/quant.sf,D06.fastq.gz,D06,CDK10,ME277,3,CDK10_ME277_3,CDK10_ME277
/media/Data/Projects/DGE_seq_analysis/Sequencing_results/combined_sequencing/salmon_alignment/D07.fastq.gz/quant.sf,D07.fastq.gz,D07,CDK13,ME296,1,CDK13_ME296_1,CDK13_ME296
/media/Data/Projects/DGE_seq_analysis/Sequencing_results/combined_sequencing/salmon_alignment/D08.fastq.gz/quant.sf,D08.fastq.gz,D08,CDK13,ME296,2,CDK13_ME296_2,CDK13_ME296
/media/Data/Projects/DGE_seq_analysis/Sequencing_results/combined_sequencing/salmon_alignment/D09.fastq.gz/quant.sf,D09.fastq.gz,D09,CDK13,ME296,3,CDK13_ME296_3,CDK13_ME296
/media/Data/Projects/DGE_seq_analysis/Sequencing_results/combined_sequencing/salmon_alignment/D10.fastq.gz/quant.sf,D10.fastq.gz,D10,ICK,ME312,1,ICK_ME312_1,ICK_ME312
/media/Data/Projects/DGE_seq_analysis/Sequencing_results/combined_sequencing/salmon_alignment/D11.fastq.gz/quant.sf,D11.fastq.gz,D11,ICK,ME312,2,ICK_ME312_2,ICK_ME312
/media/Data/Projects/DGE_seq_analysis/Sequencing_results/combined_sequencing/salmon_alignment/D12.fastq.gz/quant.sf,D12.fastq.gz,D12,ICK,ME312,3,ICK_ME312_3,ICK_ME312
/media/Data/Projects/DGE_seq_analysis/Sequencing_results/combined_sequencing/salmon_alignment/D13.fastq.gz/quant.sf,D13.fastq.gz,D13,NEK1,ME323,1,NEK1_ME323_1,NEK1_ME323
/media/Data/Projects/DGE_seq_analysis/Sequencing_results/combined_sequencing/salmon_alignment/D14.fastq.gz/quant.sf,D14.fastq.gz,D14,NEK1,ME323,2,NEK1_ME323_2,NEK1_ME323
/media/Data/Projects/DGE_seq_analysis/Sequencing_results/combined_sequencing/salmon_alignment/D15.fastq.gz/quant.sf,D15.fastq.gz,D15,NEK1,ME323,3,NEK1_ME323_3,NEK1_ME323
/media/Data/Projects/DGE_seq_analysis/Sequencing_results/combined_sequencing/salmon_alignment/D16.fastq.gz/quant.sf,D16.fastq.gz,D16,PKMYT1,ME200,1,PKMYT1_ME200_1,PKMYT1_ME200
/media/Data/Projects/DGE_seq_analysis/Sequencing_results/combined_sequencing/salmon_alignment/D17.fastq.gz/quant.sf,D17.fastq.gz,D17,PKMYT1,ME200,2,PKMYT1_ME200_2,PKMYT1_ME200
/media/Data/Projects/DGE_seq_analysis/Sequencing_results/combined_sequencing/salmon_alignment/D18.fastq.gz/quant.sf,D18.fastq.gz,D18,PKMYT1,ME200,3,PKMYT1_ME200_3,PKMYT1_ME200
/media/Data/Projects/DGE_seq_analysis/Sequencing_results/combined_sequencing/salmon_alignment/D19.fastq.gz/quant.sf,D19.fastq.gz,D19,RIOK2,ME385,1,RIOK2_ME385_1,RIOK2_ME385
/media/Data/Projects/DGE_seq_analysis/Sequencing_results/combined_sequencing/salmon_alignment/D20.fastq.gz/quant.sf,D20.fastq.gz,D20,RIOK2,ME385,2,RIOK2_ME385_2,RIOK2_ME385
/media/Data/Projects/DGE_seq_analysis/Sequencing_results/combined_sequencing/salmon_alignment/D21.fastq.gz/quant.sf,D21.fastq.gz,D21,RIOK2,ME385,3,RIOK2_ME385_3,RIOK2_ME385
/media/Data/Projects/DGE_seq_analysis/Sequencing_results/combined_sequencing/salmon_alignment/D22.fastq.gz/quant.sf,D22.fastq.gz,D22,STK3,ME227,1,STK3_ME227_1,STK3_ME227
/media/Data/Projects/DGE_seq_analysis/Sequencing_results/combined_sequencing/salmon_alignment/D23.fastq.gz/quant.sf,D23.fastq.gz,D23,STK3,ME227,2,STK3_ME227_2,STK3_ME227
/media/Data/Projects/DGE_seq_analysis/Sequencing_results/combined_sequencing/salmon_alignment/D24.fastq.gz/quant.sf,D24.fastq.gz,D24,STK3,ME227,3,STK3_ME227_3,STK3_ME227
/media/Data/Projects/DGE_seq_analysis/Sequencing_results/combined_sequencing/salmon_alignment/E01.fastq.gz/quant.sf,E01.fastq.gz,E01,BRSK1,ME262,1,BRSK1_ME262_1,BRSK1_ME262
/media/Data/Projects/DGE_seq_analysis/Sequencing_results/combined_sequencing/salmon_alignment/E02.fastq.gz/quant.sf,E02.fastq.gz,E02,BRSK1,ME262,2,BRSK1_ME262_2,BRSK1_ME262
/media/Data/Projects/DGE_seq_analysis/Sequencing_results/combined_sequencing/salmon_alignment/E03.fastq.gz/quant.sf,E03.fastq.gz,E03,BRSK1,ME262,3,BRSK1_ME262_3,BRSK1_ME262
/media/Data/Projects/DGE_seq_analysis/Sequencing_results/combined_sequencing/salmon_alignment/E04.fastq.gz/quant.sf,E04.fastq.gz,E04,CDK10,ME278,1,CDK10_ME278_1,CDK10_ME278
/media/Data/Projects/DGE_seq_analysis/Sequencing_results/combined_sequencing/salmon_alignment/E05.fastq.gz/quant.sf,E05.fastq.gz,E05,CDK10,ME278,2,CDK10_ME278_2,CDK10_ME278
/media/Data/Projects/DGE_seq_analysis/Sequencing_results/combined_sequencing/salmon_alignment/E06.fastq.gz/quant.sf,E06.fastq.gz,E06,CDK10,ME278,3,CDK10_ME278_3,CDK10_ME278
/media/Data/Projects/DGE_seq_analysis/Sequencing_results/combined_sequencing/salmon_alignment/E07.fastq.gz/quant.sf,E07.fastq.gz,E07,CDK13,ME297,1,CDK13_ME297_1,CDK13_ME297
/media/Data/Projects/DGE_seq_analysis/Sequencing_results/combined_sequencing/salmon_alignment/E08.fastq.gz/quant.sf,E08.fastq.gz,E08,CDK13,ME297,2,CDK13_ME297_2,CDK13_ME297
/media/Data/Projects/DGE_seq_analysis/Sequencing_results/combined_sequencing/salmon_alignment/E09.fastq.gz/quant.sf,E09.fastq.gz,E09,CDK13,ME297,3,CDK13_ME297_3,CDK13_ME297
/media/Data/Projects/DGE_seq_analysis/Sequencing_results/combined_sequencing/salmon_alignment/E10.fastq.gz/quant.sf,E10.fastq.gz,E10,ICK,ME313,1,ICK_ME313_1,ICK_ME313
/media/Data/Projects/DGE_seq_analysis/Sequencing_results/combined_sequencing/salmon_alignment/E11.fastq.gz/quant.sf,E11.fastq.gz,E11,ICK,ME313,2,ICK_ME313_2,ICK_ME313
/media/Data/Projects/DGE_seq_analysis/Sequencing_results/combined_sequencing/salmon_alignment/E12.fastq.gz/quant.sf,E12.fastq.gz,E12,ICK,ME313,3,ICK_ME313_3,ICK_ME313
/media/Data/Projects/DGE_seq_analysis/Sequencing_results/combined_sequencing/salmon_alignment/E13.fastq.gz/quant.sf,E13.fastq.gz,E13,NEK7,ME195,1,NEK7_ME195_1,NEK7_ME195
/media/Data/Projects/DGE_seq_analysis/Sequencing_results/combined_sequencing/salmon_alignment/E14.fastq.gz/quant.sf,E14.fastq.gz,E14,NEK7,ME195,2,NEK7_ME195_2,NEK7_ME195
/media/Data/Projects/DGE_seq_analysis/Sequencing_results/combined_sequencing/salmon_alignment/E15.fastq.gz/quant.sf,E15.fastq.gz,E15,NEK7,ME195,3,NEK7_ME195_3,NEK7_ME195
/media/Data/Projects/DGE_seq_analysis/Sequencing_results/combined_sequencing/salmon_alignment/E16.fastq.gz/quant.sf,E16.fastq.gz,E16,PKMYT1,ME201,1,PKMYT1_ME201_1,PKMYT1_ME201
/media/Data/Projects/DGE_seq_analysis/Sequencing_results/combined_sequencing/salmon_alignment/E17.fastq.gz/quant.sf,E17.fastq.gz,E17,PKMYT1,ME201,2,PKMYT1_ME201_2,PKMYT1_ME201
/media/Data/Projects/DGE_seq_analysis/Sequencing_results/combined_sequencing/salmon_alignment/E18.fastq.gz/quant.sf,E18.fastq.gz,E18,PKMYT1,ME201,3,PKMYT1_ME201_3,PKMYT1_ME201
/media/Data/Projects/DGE_seq_analysis/Sequencing_results/combined_sequencing/salmon_alignment/E19.fastq.gz/quant.sf,E19.fastq.gz,E19,RIOK2,ME386,1,RIOK2_ME386_1,RIOK2_ME386
/media/Data/Projects/DGE_seq_analysis/Sequencing_results/combined_sequencing/salmon_alignment/E20.fastq.gz/quant.sf,E20.fastq.gz,E20,RIOK2,ME386,2,RIOK2_ME386_2,RIOK2_ME386
/media/Data/Projects/DGE_seq_analysis/Sequencing_results/combined_sequencing/salmon_alignment/E21.fastq.gz/quant.sf,E21.fastq.gz,E21,RIOK2,ME386,3,RIOK2_ME386_3,RIOK2_ME386
/media/Data/Projects/DGE_seq_analysis/Sequencing_results/combined_sequencing/salmon_alignment/E22.fastq.gz/quant.sf,E22.fastq.gz,E22,STK32C,ME337,1,STK32C_ME337_1,STK32C_ME337
/media/Data/Projects/DGE_seq_analysis/Sequencing_results/combined_sequencing/salmon_alignment/E23.fastq.gz/quant.sf,E23.fastq.gz,E23,STK32C,ME337,2,STK32C_ME337_2,STK32C_ME337
/media/Data/Projects/DGE_seq_analysis/Sequencing_results/combined_sequencing/salmon_alignment/E24.fastq.gz/quant.sf,E24.fastq.gz,E24,STK32C,ME337,3,STK32C_ME337_3,STK32C_ME337
/media/Data/Projects/DGE_seq_analysis/Sequencing_results/combined_sequencing/salmon_alignment/F01.fastq.gz/quant.sf,F01.fastq.gz,F01,BRSK1,ME263,1,BRSK1_ME263_1,BRSK1_ME263
/media/Data/Projects/DGE_seq_analysis/Sequencing_results/combined_sequencing/salmon_alignment/F02.fastq.gz/quant.sf,F02.fastq.gz,F02,BRSK1,ME263,2,BRSK1_ME263_2,BRSK1_ME263
/media/Data/Projects/DGE_seq_analysis/Sequencing_results/combined_sequencing/salmon_alignment/F03.fastq.gz/quant.sf,F03.fastq.gz,F03,BRSK1,ME263,3,BRSK1_ME263_3,BRSK1_ME263
/media/Data/Projects/DGE_seq_analysis/Sequencing_results/combined_sequencing/salmon_alignment/F04.fastq.gz/quant.sf,F04.fastq.gz,F04,CDK11A,ME281,1,CDK11A_ME281_1,CDK11A_ME281
/media/Data/Projects/DGE_seq_analysis/Sequencing_results/combined_sequencing/salmon_alignment/F05.fastq.gz/quant.sf,F05.fastq.gz,F05,CDK11A,ME281,2,CDK11A_ME281_2,CDK11A_ME281
/media/Data/Projects/DGE_seq_analysis/Sequencing_results/combined_sequencing/salmon_alignment/F06.fastq.gz/quant.sf,F06.fastq.gz,F06,CDK11A,ME281,3,CDK11A_ME281_3,CDK11A_ME281
/media/Data/Projects/DGE_seq_analysis/Sequencing_results/combined_sequencing/salmon_alignment/F07.fastq.gz/quant.sf,F07.fastq.gz,F07,CDK13,ME298,1,CDK13_ME298_1,CDK13_ME298
/media/Data/Projects/DGE_seq_analysis/Sequencing_results/combined_sequencing/salmon_alignment/F08.fastq.gz/quant.sf,F08.fastq.gz,F08,CDK13,ME298,2,CDK13_ME298_2,CDK13_ME298
/media/Data/Projects/DGE_seq_analysis/Sequencing_results/combined_sequencing/salmon_alignment/F09.fastq.gz/quant.sf,F09.fastq.gz,F09,CDK13,ME298,3,CDK13_ME298_3,CDK13_ME298
/media/Data/Projects/DGE_seq_analysis/Sequencing_results/combined_sequencing/salmon_alignment/F10.fastq.gz/quant.sf,F10.fastq.gz,F10,LRRK1,CJ19,1,LRRK1_CJ19_1,LRRK1_CJ19
/media/Data/Projects/DGE_seq_analysis/Sequencing_results/combined_sequencing/salmon_alignment/F11.fastq.gz/quant.sf,F11.fastq.gz,F11,LRRK1,CJ19,2,LRRK1_CJ19_2,LRRK1_CJ19
/media/Data/Projects/DGE_seq_analysis/Sequencing_results/combined_sequencing/salmon_alignment/F12.fastq.gz/quant.sf,F12.fastq.gz,F12,LRRK1,CJ19,3,LRRK1_CJ19_3,LRRK1_CJ19
/media/Data/Projects/DGE_seq_analysis/Sequencing_results/combined_sequencing/salmon_alignment/F13.fastq.gz/quant.sf,F13.fastq.gz,F13,NEK7,ME196,1,NEK7_ME196_1,NEK7_ME196
/media/Data/Projects/DGE_seq_analysis/Sequencing_results/combined_sequencing/salmon_alignment/F14.fastq.gz/quant.sf,F14.fastq.gz,F14,NEK7,ME196,2,NEK7_ME196_2,NEK7_ME196
/media/Data/Projects/DGE_seq_analysis/Sequencing_results/combined_sequencing/salmon_alignment/F15.fastq.gz/quant.sf,F15.fastq.gz,F15,NEK7,ME196,3,NEK7_ME196_3,NEK7_ME196
/media/Data/Projects/DGE_seq_analysis/Sequencing_results/combined_sequencing/salmon_alignment/F16.fastq.gz/quant.sf,F16.fastq.gz,F16,PKMYT1,ME202,1,PKMYT1_ME202_1,PKMYT1_ME202
/media/Data/Projects/DGE_seq_analysis/Sequencing_results/combined_sequencing/salmon_alignment/F17.fastq.gz/quant.sf,F17.fastq.gz,F17,PKMYT1,ME202,2,PKMYT1_ME202_2,PKMYT1_ME202
/media/Data/Projects/DGE_seq_analysis/Sequencing_results/combined_sequencing/salmon_alignment/F18.fastq.gz/quant.sf,F18.fastq.gz,F18,PKMYT1,ME202,3,PKMYT1_ME202_3,PKMYT1_ME202
/media/Data/Projects/DGE_seq_analysis/Sequencing_results/combined_sequencing/salmon_alignment/F19.fastq.gz/quant.sf,F19.fastq.gz,F19,RNASEL,CJ34,1,RNASEL_CJ34_1,RNASEL_CJ34
/media/Data/Projects/DGE_seq_analysis/Sequencing_results/combined_sequencing/salmon_alignment/F20.fastq.gz/quant.sf,F20.fastq.gz,F20,RNASEL,CJ34,2,RNASEL_CJ34_2,RNASEL_CJ34
/media/Data/Projects/DGE_seq_analysis/Sequencing_results/combined_sequencing/salmon_alignment/F21.fastq.gz/quant.sf,F21.fastq.gz,F21,RNASEL,CJ34,3,RNASEL_CJ34_3,RNASEL_CJ34
/media/Data/Projects/DGE_seq_analysis/Sequencing_results/combined_sequencing/salmon_alignment/F22.fastq.gz/quant.sf,F22.fastq.gz,F22,STK32C,ME339,1,STK32C_ME339_1,STK32C_ME339
/media/Data/Projects/DGE_seq_analysis/Sequencing_results/combined_sequencing/salmon_alignment/F23.fastq.gz/quant.sf,F23.fastq.gz,F23,STK32C,ME339,2,STK32C_ME339_2,STK32C_ME339
/media/Data/Projects/DGE_seq_analysis/Sequencing_results/combined_sequencing/salmon_alignment/F24.fastq.gz/quant.sf,F24.fastq.gz,F24,STK32C,ME339,3,STK32C_ME339_3,STK32C_ME339
/media/Data/Projects/DGE_seq_analysis/Sequencing_results/combined_sequencing/salmon_alignment/G01.fastq.gz/quant.sf,G01.fastq.gz,G01,BRSK2,ME266,1,BRSK2_ME266_1,BRSK2_ME266
/media/Data/Projects/DGE_seq_analysis/Sequencing_results/combined_sequencing/salmon_alignment/G02.fastq.gz/quant.sf,G02.fastq.gz,G02,BRSK2,ME266,2,BRSK2_ME266_2,BRSK2_ME266
/media/Data/Projects/DGE_seq_analysis/Sequencing_results/combined_sequencing/salmon_alignment/G03.fastq.gz/quant.sf,G03.fastq.gz,G03,BRSK2,ME266,3,BRSK2_ME266_3,BRSK2_ME266
/media/Data/Projects/DGE_seq_analysis/Sequencing_results/combined_sequencing/salmon_alignment/G04.fastq.gz/quant.sf,G04.fastq.gz,G04,CDK11A,ME282,1,CDK11A_ME282_1,CDK11A_ME282
/media/Data/Projects/DGE_seq_analysis/Sequencing_results/combined_sequencing/salmon_alignment/G05.fastq.gz/quant.sf,G05.fastq.gz,G05,CDK11A,ME282,2,CDK11A_ME282_2,CDK11A_ME282
/media/Data/Projects/DGE_seq_analysis/Sequencing_results/combined_sequencing/salmon_alignment/G06.fastq.gz/quant.sf,G06.fastq.gz,G06,CDK11A,ME282,3,CDK11A_ME282_3,CDK11A_ME282
/media/Data/Projects/DGE_seq_analysis/Sequencing_results/combined_sequencing/salmon_alignment/G07.fastq.gz/quant.sf,G07.fastq.gz,G07,CDK19,ME301,1,CDK19_ME301_1,CDK19_ME301
/media/Data/Projects/DGE_seq_analysis/Sequencing_results/combined_sequencing/salmon_alignment/G08.fastq.gz/quant.sf,G08.fastq.gz,G08,CDK19,ME301,2,CDK19_ME301_2,CDK19_ME301
/media/Data/Projects/DGE_seq_analysis/Sequencing_results/combined_sequencing/salmon_alignment/G09.fastq.gz/quant.sf,G09.fastq.gz,G09,CDK19,ME301,3,CDK19_ME301_3,CDK19_ME301
/media/Data/Projects/DGE_seq_analysis/Sequencing_results/combined_sequencing/salmon_alignment/G10.fastq.gz/quant.sf,G10.fastq.gz,G10,LRRK1,CJ20,1,LRRK1_CJ20_1,LRRK1_CJ20
/media/Data/Projects/DGE_seq_analysis/Sequencing_results/combined_sequencing/salmon_alignment/G11.fastq.gz/quant.sf,G11.fastq.gz,G11,LRRK1,CJ20,2,LRRK1_CJ20_2,LRRK1_CJ20
/media/Data/Projects/DGE_seq_analysis/Sequencing_results/combined_sequencing/salmon_alignment/G12.fastq.gz/quant.sf,G12.fastq.gz,G12,LRRK1,CJ20,3,LRRK1_CJ20_3,LRRK1_CJ20
/media/Data/Projects/DGE_seq_analysis/Sequencing_results/combined_sequencing/salmon_alignment/G13.fastq.gz/quant.sf,G13.fastq.gz,G13,NEK7,ME197,1,NEK7_ME197_1,NEK7_ME197
/media/Data/Projects/DGE_seq_analysis/Sequencing_results/combined_sequencing/salmon_alignment/G14.fastq.gz/quant.sf,G14.fastq.gz,G14,NEK7,ME197,2,NEK7_ME197_2,NEK7_ME197
/media/Data/Projects/DGE_seq_analysis/Sequencing_results/combined_sequencing/salmon_alignment/G15.fastq.gz/quant.sf,G15.fastq.gz,G15,NEK7,ME197,3,NEK7_ME197_3,NEK7_ME197
/media/Data/Projects/DGE_seq_analysis/Sequencing_results/combined_sequencing/salmon_alignment/G16.fastq.gz/quant.sf,G16.fastq.gz,G16,POMK,ME235,1,POMK_ME235_1,POMK_ME235
/media/Data/Projects/DGE_seq_analysis/Sequencing_results/combined_sequencing/salmon_alignment/G17.fastq.gz/quant.sf,G17.fastq.gz,G17,POMK,ME235,2,POMK_ME235_2,POMK_ME235
/media/Data/Projects/DGE_seq_analysis/Sequencing_results/combined_sequencing/salmon_alignment/G18.fastq.gz/quant.sf,G18.fastq.gz,G18,POMK,ME235,3,POMK_ME235_3,POMK_ME235
/media/Data/Projects/DGE_seq_analysis/Sequencing_results/combined_sequencing/salmon_alignment/G19.fastq.gz/quant.sf,G19.fastq.gz,G19,RNASEL,CJ35,1,RNASEL_CJ35_1,RNASEL_CJ35
/media/Data/Projects/DGE_seq_analysis/Sequencing_results/combined_sequencing/salmon_alignment/G20.fastq.gz/quant.sf,G20.fastq.gz,G20,RNASEL,CJ35,2,RNASEL_CJ35_2,RNASEL_CJ35
/media/Data/Projects/DGE_seq_analysis/Sequencing_results/combined_sequencing/salmon_alignment/G21.fastq.gz/quant.sf,G21.fastq.gz,G21,RNASEL,CJ35,3,RNASEL_CJ35_3,RNASEL_CJ35
/media/Data/Projects/DGE_seq_analysis/Sequencing_results/combined_sequencing/salmon_alignment/G22.fastq.gz/quant.sf,G22.fastq.gz,G22,STK32C,ME341,1,STK32C_ME341_1,STK32C_ME341
/media/Data/Projects/DGE_seq_analysis/Sequencing_results/combined_sequencing/salmon_alignment/G23.fastq.gz/quant.sf,G23.fastq.gz,G23,STK32C,ME341,2,STK32C_ME341_2,STK32C_ME341
/media/Data/Projects/DGE_seq_analysis/Sequencing_results/combined_sequencing/salmon_alignment/G24.fastq.gz/quant.sf,G24.fastq.gz,G24,STK32C,ME341,3,STK32C_ME341_3,STK32C_ME341
/media/Data/Projects/DGE_seq_analysis/Sequencing_results/combined_sequencing/salmon_alignment/H01.fastq.gz/quant.sf,H01.fastq.gz,H01,BRSK2,ME267,1,BRSK2_ME267_1,BRSK2_ME267
/media/Data/Projects/DGE_seq_analysis/Sequencing_results/combined_sequencing/salmon_alignment/H02.fastq.gz/quant.sf,H02.fastq.gz,H02,BRSK2,ME267,2,BRSK2_ME267_2,BRSK2_ME267
/media/Data/Projects/DGE_seq_analysis/Sequencing_results/combined_sequencing/salmon_alignment/H03.fastq.gz/quant.sf,H03.fastq.gz,H03,BRSK2,ME267,3,BRSK2_ME267_3,BRSK2_ME267
/media/Data/Projects/DGE_seq_analysis/Sequencing_results/combined_sequencing/salmon_alignment/H04.fastq.gz/quant.sf,H04.fastq.gz,H04,CDK11A,ME283,1,CDK11A_ME283_1,CDK11A_ME283
/media/Data/Projects/DGE_seq_analysis/Sequencing_results/combined_sequencing/salmon_alignment/H05.fastq.gz/quant.sf,H05.fastq.gz,H05,CDK11A,ME283,2,CDK11A_ME283_2,CDK11A_ME283
/media/Data/Projects/DGE_seq_analysis/Sequencing_results/combined_sequencing/salmon_alignment/H06.fastq.gz/quant.sf,H06.fastq.gz,H06,CDK11A,ME283,3,CDK11A_ME283_3,CDK11A_ME283
/media/Data/Projects/DGE_seq_analysis/Sequencing_results/combined_sequencing/salmon_alignment/H07.fastq.gz/quant.sf,H07.fastq.gz,H07,CDK19,ME302,1,CDK19_ME302_1,CDK19_ME302
/media/Data/Projects/DGE_seq_analysis/Sequencing_results/combined_sequencing/salmon_alignment/H08.fastq.gz/quant.sf,H08.fastq.gz,H08,CDK19,ME302,2,CDK19_ME302_2,CDK19_ME302
/media/Data/Projects/DGE_seq_analysis/Sequencing_results/combined_sequencing/salmon_alignment/H09.fastq.gz/quant.sf,H09.fastq.gz,H09,CDK19,ME302,3,CDK19_ME302_3,CDK19_ME302
/media/Data/Projects/DGE_seq_analysis/Sequencing_results/combined_sequencing/salmon_alignment/H10.fastq.gz/quant.sf,H10.fastq.gz,H10,LRRK1,CJ21,1,LRRK1_CJ21_1,LRRK1_CJ21
/media/Data/Projects/DGE_seq_analysis/Sequencing_results/combined_sequencing/salmon_alignment/H11.fastq.gz/quant.sf,H11.fastq.gz,H11,LRRK1,CJ21,2,LRRK1_CJ21_2,LRRK1_CJ21
/media/Data/Projects/DGE_seq_analysis/Sequencing_results/combined_sequencing/salmon_alignment/H12.fastq.gz/quant.sf,H12.fastq.gz,H12,LRRK1,CJ21,3,LRRK1_CJ21_3,LRRK1_CJ21
/media/Data/Projects/DGE_seq_analysis/Sequencing_results/combined_sequencing/salmon_alignment/H13.fastq.gz/quant.sf,H13.fastq.gz,H13,NRBP2,ME210,1,NRBP2_ME210_1,NRBP2_ME210
/media/Data/Projects/DGE_seq_analysis/Sequencing_results/combined_sequencing/salmon_alignment/H14.fastq.gz/quant.sf,H14.fastq.gz,H14,NRBP2,ME210,2,NRBP2_ME210_2,NRBP2_ME210
/media/Data/Projects/DGE_seq_analysis/Sequencing_results/combined_sequencing/salmon_alignment/H15.fastq.gz/quant.sf,H15.fastq.gz,H15,NRBP2,ME210,3,NRBP2_ME210_3,NRBP2_ME210
/media/Data/Projects/DGE_seq_analysis/Sequencing_results/combined_sequencing/salmon_alignment/H16.fastq.gz/quant.sf,H16.fastq.gz,H16,POMK,ME236,1,POMK_ME236_1,POMK_ME236
/media/Data/Projects/DGE_seq_analysis/Sequencing_results/combined_sequencing/salmon_alignment/H17.fastq.gz/quant.sf,H17.fastq.gz,H17,POMK,ME236,2,POMK_ME236_2,POMK_ME236
/media/Data/Projects/DGE_seq_analysis/Sequencing_results/combined_sequencing/salmon_alignment/H18.fastq.gz/quant.sf,H18.fastq.gz,H18,POMK,ME236,3,POMK_ME236_3,POMK_ME236
/media/Data/Projects/DGE_seq_analysis/Sequencing_results/combined_sequencing/salmon_alignment/H19.fastq.gz/quant.sf,H19.fastq.gz,H19,RNASEL,CJ36,1,RNASEL_CJ36_1,RNASEL_CJ36
/media/Data/Projects/DGE_seq_analysis/Sequencing_results/combined_sequencing/salmon_alignment/H20.fastq.gz/quant.sf,H20.fastq.gz,H20,RNASEL,CJ36,2,RNASEL_CJ36_2,RNASEL_CJ36
/media/Data/Projects/DGE_seq_analysis/Sequencing_results/combined_sequencing/salmon_alignment/H21.fastq.gz/quant.sf,H21.fastq.gz,H21,RNASEL,CJ36,3,RNASEL_CJ36_3,RNASEL_CJ36
/media/Data/Projects/DGE_seq_analysis/Sequencing_results/combined_sequencing/salmon_alignment/H22.fastq.gz/quant.sf,H22.fastq.gz,H22,TAOK1,CJ40,1,TAOK1_CJ40_1,TAOK1_CJ40
/media/Data/Projects/DGE_seq_analysis/Sequencing_results/combined_sequencing/salmon_alignment/H23.fastq.gz/quant.sf,H23.fastq.gz,H23,TAOK1,CJ40,2,TAOK1_CJ40_2,TAOK1_CJ40
/media/Data/Projects/DGE_seq_analysis/Sequencing_results/combined_sequencing/salmon_alignment/H24.fastq.gz/quant.sf,H24.fastq.gz,H24,TAOK1,CJ40,3,TAOK1_CJ40_3,TAOK1_CJ40
/media/Data/Projects/DGE_seq_analysis/Sequencing_results/combined_sequencing/salmon_alignment/I01.fastq.gz/quant.sf,I01.fastq.gz,I01,BRSK2,ME268,1,BRSK2_ME268_1,BRSK2_ME268
/media/Data/Projects/DGE_seq_analysis/Sequencing_results/combined_sequencing/salmon_alignment/I02.fastq.gz/quant.sf,I02.fastq.gz,I02,BRSK2,ME268,2,BRSK2_ME268_2,BRSK2_ME268
/media/Data/Projects/DGE_seq_analysis/Sequencing_results/combined_sequencing/salmon_alignment/I03.fastq.gz/quant.sf,I03.fastq.gz,I03,BRSK2,ME268,3,BRSK2_ME268_3,BRSK2_ME268
/media/Data/Projects/DGE_seq_analysis/Sequencing_results/combined_sequencing/salmon_alignment/I04.fastq.gz/quant.sf,I04.fastq.gz,I04,CDK11B_1,ME286,1,CDK11B_1_ME286_1,CDK11B_1_ME286
/media/Data/Projects/DGE_seq_analysis/Sequencing_results/combined_sequencing/salmon_alignment/I05.fastq.gz/quant.sf,I05.fastq.gz,I05,CDK11B_1,ME286,2,CDK11B_1_ME286_2,CDK11B_1_ME286
/media/Data/Projects/DGE_seq_analysis/Sequencing_results/combined_sequencing/salmon_alignment/I06.fastq.gz/quant.sf,I06.fastq.gz,I06,CDK11B_1,ME286,3,CDK11B_1_ME286_3,CDK11B_1_ME286
/media/Data/Projects/DGE_seq_analysis/Sequencing_results/combined_sequencing/salmon_alignment/I07.fastq.gz/quant.sf,I07.fastq.gz,I07,CDK19,ME303,1,CDK19_ME303_1,CDK19_ME303
/media/Data/Projects/DGE_seq_analysis/Sequencing_results/combined_sequencing/salmon_alignment/I08.fastq.gz/quant.sf,I08.fastq.gz,I08,CDK19,ME303,2,CDK19_ME303_2,CDK19_ME303
/media/Data/Projects/DGE_seq_analysis/Sequencing_results/combined_sequencing/salmon_alignment/I09.fastq.gz/quant.sf,I09.fastq.gz,I09,CDK19,ME303,3,CDK19_ME303_3,CDK19_ME303
/media/Data/Projects/DGE_seq_analysis/Sequencing_results/combined_sequencing/salmon_alignment/I10.fastq.gz/quant.sf,I10.fastq.gz,I10,MAP3K21,CJ22,1,MAP3K21_CJ22_1,MAP3K21_CJ22
/media/Data/Projects/DGE_seq_analysis/Sequencing_results/combined_sequencing/salmon_alignment/I11.fastq.gz/quant.sf,I11.fastq.gz,I11,MAP3K21,CJ22,2,MAP3K21_CJ22_2,MAP3K21_CJ22
/media/Data/Projects/DGE_seq_analysis/Sequencing_results/combined_sequencing/salmon_alignment/I12.fastq.gz/quant.sf,I12.fastq.gz,I12,MAP3K21,CJ22,3,MAP3K21_CJ22_3,MAP3K21_CJ22
/media/Data/Projects/DGE_seq_analysis/Sequencing_results/combined_sequencing/salmon_alignment/I13.fastq.gz/quant.sf,I13.fastq.gz,I13,NRBP2,ME211,1,NRBP2_ME211_1,NRBP2_ME211
/media/Data/Projects/DGE_seq_analysis/Sequencing_results/combined_sequencing/salmon_alignment/I14.fastq.gz/quant.sf,I14.fastq.gz,I14,NRBP2,ME211,2,NRBP2_ME211_2,NRBP2_ME211
/media/Data/Projects/DGE_seq_analysis/Sequencing_results/combined_sequencing/salmon_alignment/I15.fastq.gz/quant.sf,I15.fastq.gz,I15,NRBP2,ME211,3,NRBP2_ME211_3,NRBP2_ME211
/media/Data/Projects/DGE_seq_analysis/Sequencing_results/combined_sequencing/salmon_alignment/I16.fastq.gz/quant.sf,I16.fastq.gz,I16,POMK,ME237,1,POMK_ME237_1,POMK_ME237
/media/Data/Projects/DGE_seq_analysis/Sequencing_results/combined_sequencing/salmon_alignment/I17.fastq.gz/quant.sf,I17.fastq.gz,I17,POMK,ME237,2,POMK_ME237_2,POMK_ME237
/media/Data/Projects/DGE_seq_analysis/Sequencing_results/combined_sequencing/salmon_alignment/I18.fastq.gz/quant.sf,I18.fastq.gz,I18,POMK,ME237,3,POMK_ME237_3,POMK_ME237
/media/Data/Projects/DGE_seq_analysis/Sequencing_results/combined_sequencing/salmon_alignment/I19.fastq.gz/quant.sf,I19.fastq.gz,I19,RPS6KC1,ME220,1,RPS6KC1_ME220_1,RPS6KC1_ME220
/media/Data/Projects/DGE_seq_analysis/Sequencing_results/combined_sequencing/salmon_alignment/I20.fastq.gz/quant.sf,I20.fastq.gz,I20,RPS6KC1,ME220,2,RPS6KC1_ME220_2,RPS6KC1_ME220
/media/Data/Projects/DGE_seq_analysis/Sequencing_results/combined_sequencing/salmon_alignment/I21.fastq.gz/quant.sf,I21.fastq.gz,I21,RPS6KC1,ME220,3,RPS6KC1_ME220_3,RPS6KC1_ME220
/media/Data/Projects/DGE_seq_analysis/Sequencing_results/combined_sequencing/salmon_alignment/I22.fastq.gz/quant.sf,I22.fastq.gz,I22,TAOK1,CJ41,1,TAOK1_CJ41_1,TAOK1_CJ41
/media/Data/Projects/DGE_seq_analysis/Sequencing_results/combined_sequencing/salmon_alignment/I23.fastq.gz/quant.sf,I23.fastq.gz,I23,TAOK1,CJ41,2,TAOK1_CJ41_2,TAOK1_CJ41
/media/Data/Projects/DGE_seq_analysis/Sequencing_results/combined_sequencing/salmon_alignment/I24.fastq.gz/quant.sf,I24.fastq.gz,I24,TAOK1,CJ41,3,TAOK1_CJ41_3,TAOK1_CJ41
/media/Data/Projects/DGE_seq_analysis/Sequencing_results/combined_sequencing/salmon_alignment/J01.fastq.gz/quant.sf,J01.fastq.gz,J01,CDC42BPA,ME190,1,CDC42BPA_ME190_1,CDC42BPA_ME190
/media/Data/Projects/DGE_seq_analysis/Sequencing_results/combined_sequencing/salmon_alignment/J02.fastq.gz/quant.sf,J02.fastq.gz,J02,CDC42BPA,ME190,2,CDC42BPA_ME190_2,CDC42BPA_ME190
/media/Data/Projects/DGE_seq_analysis/Sequencing_results/combined_sequencing/salmon_alignment/J03.fastq.gz/quant.sf,J03.fastq.gz,J03,CDC42BPA,ME190,3,CDC42BPA_ME190_3,CDC42BPA_ME190
/media/Data/Projects/DGE_seq_analysis/Sequencing_results/combined_sequencing/salmon_alignment/J04.fastq.gz/quant.sf,J04.fastq.gz,J04,CDK11B_1,ME288,1,CDK11B_1_ME288_1,CDK11B_1_ME288
/media/Data/Projects/DGE_seq_analysis/Sequencing_results/combined_sequencing/salmon_alignment/J05.fastq.gz/quant.sf,J05.fastq.gz,J05,CDK11B_1,ME288,2,CDK11B_1_ME288_2,CDK11B_1_ME288
/media/Data/Projects/DGE_seq_analysis/Sequencing_results/combined_sequencing/salmon_alignment/J06.fastq.gz/quant.sf,J06.fastq.gz,J06,CDK11B_1,ME288,3,CDK11B_1_ME288_3,CDK11B_1_ME288
/media/Data/Projects/DGE_seq_analysis/Sequencing_results/combined_sequencing/salmon_alignment/J07.fastq.gz/quant.sf,J07.fastq.gz,J07,CDKL5,ME306,1,CDKL5_ME306_1,CDKL5_ME306
/media/Data/Projects/DGE_seq_analysis/Sequencing_results/combined_sequencing/salmon_alignment/J08.fastq.gz/quant.sf,J08.fastq.gz,J08,CDKL5,ME306,2,CDKL5_ME306_2,CDKL5_ME306
/media/Data/Projects/DGE_seq_analysis/Sequencing_results/combined_sequencing/salmon_alignment/J09.fastq.gz/quant.sf,J09.fastq.gz,J09,CDKL5,ME306,3,CDKL5_ME306_3,CDKL5_ME306
/media/Data/Projects/DGE_seq_analysis/Sequencing_results/combined_sequencing/salmon_alignment/J10.fastq.gz/quant.sf,J10.fastq.gz,J10,MAP3K21,CJ23,1,MAP3K21_CJ23_1,MAP3K21_CJ23
/media/Data/Projects/DGE_seq_analysis/Sequencing_results/combined_sequencing/salmon_alignment/J11.fastq.gz/quant.sf,J11.fastq.gz,J11,MAP3K21,CJ23,2,MAP3K21_CJ23_2,MAP3K21_CJ23
/media/Data/Projects/DGE_seq_analysis/Sequencing_results/combined_sequencing/salmon_alignment/J12.fastq.gz/quant.sf,J12.fastq.gz,J12,MAP3K21,CJ23,3,MAP3K21_CJ23_3,MAP3K21_CJ23
/media/Data/Projects/DGE_seq_analysis/Sequencing_results/combined_sequencing/salmon_alignment/J13.fastq.gz/quant.sf,J13.fastq.gz,J13,NRBP2,ME212,1,NRBP2_ME212_1,NRBP2_ME212
/media/Data/Projects/DGE_seq_analysis/Sequencing_results/combined_sequencing/salmon_alignment/J14.fastq.gz/quant.sf,J14.fastq.gz,J14,NRBP2,ME212,2,NRBP2_ME212_2,NRBP2_ME212
/media/Data/Projects/DGE_seq_analysis/Sequencing_results/combined_sequencing/salmon_alignment/J15.fastq.gz/quant.sf,J15.fastq.gz,J15,NRBP2,ME212,3,NRBP2_ME212_3,NRBP2_ME212
/media/Data/Projects/DGE_seq_analysis/Sequencing_results/combined_sequencing/salmon_alignment/J16.fastq.gz/quant.sf,J16.fastq.gz,J16,PRAG1,CJ31,1,PRAG1_CJ31_1,PRAG1_CJ31
/media/Data/Projects/DGE_seq_analysis/Sequencing_results/combined_sequencing/salmon_alignment/J17.fastq.gz/quant.sf,J17.fastq.gz,J17,PRAG1,CJ31,2,PRAG1_CJ31_2,PRAG1_CJ31
/media/Data/Projects/DGE_seq_analysis/Sequencing_results/combined_sequencing/salmon_alignment/J18.fastq.gz/quant.sf,J18.fastq.gz,J18,PRAG1,CJ31,3,PRAG1_CJ31_3,PRAG1_CJ31
/media/Data/Projects/DGE_seq_analysis/Sequencing_results/combined_sequencing/salmon_alignment/J19.fastq.gz/quant.sf,J19.fastq.gz,J19,RPS6KC1,ME221,1,RPS6KC1_ME221_1,RPS6KC1_ME221
/media/Data/Projects/DGE_seq_analysis/Sequencing_results/combined_sequencing/salmon_alignment/J20.fastq.gz/quant.sf,J20.fastq.gz,J20,RPS6KC1,ME221,2,RPS6KC1_ME221_2,RPS6KC1_ME221
/media/Data/Projects/DGE_seq_analysis/Sequencing_results/combined_sequencing/salmon_alignment/J21.fastq.gz/quant.sf,J21.fastq.gz,J21,RPS6KC1,ME221,3,RPS6KC1_ME221_3,RPS6KC1_ME221
/media/Data/Projects/DGE_seq_analysis/Sequencing_results/combined_sequencing/salmon_alignment/J22.fastq.gz/quant.sf,J22.fastq.gz,J22,TAOK1,CJ42,1,TAOK1_CJ42_1,TAOK1_CJ42
/media/Data/Projects/DGE_seq_analysis/Sequencing_results/combined_sequencing/salmon_alignment/J23.fastq.gz/quant.sf,J23.fastq.gz,J23,TAOK1,CJ42,2,TAOK1_CJ42_2,TAOK1_CJ42
/media/Data/Projects/DGE_seq_analysis/Sequencing_results/combined_sequencing/salmon_alignment/J24.fastq.gz/quant.sf,J24.fastq.gz,J24,TAOK1,CJ42,3,TAOK1_CJ42_3,TAOK1_CJ42
/media/Data/Projects/DGE_seq_analysis/Sequencing_results/combined_sequencing/salmon_alignment/K01.fastq.gz/quant.sf,K01.fastq.gz,K01,CDC42BPA,ME191,1,CDC42BPA_ME191_1,CDC42BPA_ME191
/media/Data/Projects/DGE_seq_analysis/Sequencing_results/combined_sequencing/salmon_alignment/K02.fastq.gz/quant.sf,K02.fastq.gz,K02,CDC42BPA,ME191,2,CDC42BPA_ME191_2,CDC42BPA_ME191
/media/Data/Projects/DGE_seq_analysis/Sequencing_results/combined_sequencing/salmon_alignment/K03.fastq.gz/quant.sf,K03.fastq.gz,K03,CDC42BPA,ME191,3,CDC42BPA_ME191_3,CDC42BPA_ME191
/media/Data/Projects/DGE_seq_analysis/Sequencing_results/combined_sequencing/salmon_alignment/K04.fastq.gz/quant.sf,K04.fastq.gz,K04,CDK11B_1,ME292,1,CDK11B_1_ME292_1,CDK11B_1_ME292
/media/Data/Projects/DGE_seq_analysis/Sequencing_results/combined_sequencing/salmon_alignment/K05.fastq.gz/quant.sf,K05.fastq.gz,K05,CDK11B_1,ME292,2,CDK11B_1_ME292_2,CDK11B_1_ME292
/media/Data/Projects/DGE_seq_analysis/Sequencing_results/combined_sequencing/salmon_alignment/K06.fastq.gz/quant.sf,K06.fastq.gz,K06,CDK11B_1,ME292,3,CDK11B_1_ME292_3,CDK11B_1_ME292
/media/Data/Projects/DGE_seq_analysis/Sequencing_results/combined_sequencing/salmon_alignment/K07.fastq.gz/quant.sf,K07.fastq.gz,K07,CDKL5,ME307,1,CDKL5_ME307_1,CDKL5_ME307
/media/Data/Projects/DGE_seq_analysis/Sequencing_results/combined_sequencing/salmon_alignment/K08.fastq.gz/quant.sf,K08.fastq.gz,K08,CDKL5,ME307,2,CDKL5_ME307_2,CDKL5_ME307
/media/Data/Projects/DGE_seq_analysis/Sequencing_results/combined_sequencing/salmon_alignment/K09.fastq.gz/quant.sf,K09.fastq.gz,K09,CDKL5,ME307,3,CDKL5_ME307_3,CDKL5_ME307
/media/Data/Projects/DGE_seq_analysis/Sequencing_results/combined_sequencing/salmon_alignment/K10.fastq.gz/quant.sf,K10.fastq.gz,K10,MAP3K21,CJ54,1,MAP3K21_CJ54_1,MAP3K21_CJ54
/media/Data/Projects/DGE_seq_analysis/Sequencing_results/combined_sequencing/salmon_alignment/K11.fastq.gz/quant.sf,K11.fastq.gz,K11,MAP3K21,CJ54,2,MAP3K21_CJ54_2,MAP3K21_CJ54
/media/Data/Projects/DGE_seq_analysis/Sequencing_results/combined_sequencing/salmon_alignment/K12.fastq.gz/quant.sf,K12.fastq.gz,K12,MAP3K21,CJ54,3,MAP3K21_CJ54_3,MAP3K21_CJ54
/media/Data/Projects/DGE_seq_analysis/Sequencing_results/combined_sequencing/salmon_alignment/K13.fastq.gz/quant.sf,K13.fastq.gz,K13,PHKG2,CJ28,1,PHKG2_CJ28_1,PHKG2_CJ28
/media/Data/Projects/DGE_seq_analysis/Sequencing_results/combined_sequencing/salmon_alignment/K14.fastq.gz/quant.sf,K14.fastq.gz,K14,PHKG2,CJ28,2,PHKG2_CJ28_2,PHKG2_CJ28
/media/Data/Projects/DGE_seq_analysis/Sequencing_results/combined_sequencing/salmon_alignment/K15.fastq.gz/quant.sf,K15.fastq.gz,K15,PHKG2,CJ28,3,PHKG2_CJ28_3,PHKG2_CJ28
/media/Data/Projects/DGE_seq_analysis/Sequencing_results/combined_sequencing/salmon_alignment/K16.fastq.gz/quant.sf,K16.fastq.gz,K16,PRAG1,CJ32,1,PRAG1_CJ32_1,PRAG1_CJ32
/media/Data/Projects/DGE_seq_analysis/Sequencing_results/combined_sequencing/salmon_alignment/K17.fastq.gz/quant.sf,K17.fastq.gz,K17,PRAG1,CJ32,2,PRAG1_CJ32_2,PRAG1_CJ32
/media/Data/Projects/DGE_seq_analysis/Sequencing_results/combined_sequencing/salmon_alignment/K18.fastq.gz/quant.sf,K18.fastq.gz,K18,PRAG1,CJ32,3,PRAG1_CJ32_3,PRAG1_CJ32
/media/Data/Projects/DGE_seq_analysis/Sequencing_results/combined_sequencing/salmon_alignment/K19.fastq.gz/quant.sf,K19.fastq.gz,K19,RPS6KC1,ME222,1,RPS6KC1_ME222_1,RPS6KC1_ME222
/media/Data/Projects/DGE_seq_analysis/Sequencing_results/combined_sequencing/salmon_alignment/K20.fastq.gz/quant.sf,K20.fastq.gz,K20,RPS6KC1,ME222,2,RPS6KC1_ME222_2,RPS6KC1_ME222
/media/Data/Projects/DGE_seq_analysis/Sequencing_results/combined_sequencing/salmon_alignment/K21.fastq.gz/quant.sf,K21.fastq.gz,K21,RPS6KC1,ME222,3,RPS6KC1_ME222_3,RPS6KC1_ME222
/media/Data/Projects/DGE_seq_analysis/Sequencing_results/combined_sequencing/salmon_alignment/K22.fastq.gz/quant.sf,K22.fastq.gz,K22,TAOK2,CJ43,1,TAOK2_CJ43_1,TAOK2_CJ43
/media/Data/Projects/DGE_seq_analysis/Sequencing_results/combined_sequencing/salmon_alignment/K23.fastq.gz/quant.sf,K23.fastq.gz,K23,TAOK2,CJ43,2,TAOK2_CJ43_2,TAOK2_CJ43
/media/Data/Projects/DGE_seq_analysis/Sequencing_results/combined_sequencing/salmon_alignment/K24.fastq.gz/quant.sf,K24.fastq.gz,K24,TAOK2,CJ43,3,TAOK2_CJ43_3,TAOK2_CJ43
/media/Data/Projects/DGE_seq_analysis/Sequencing_results/combined_sequencing/salmon_alignment/L01.fastq.gz/quant.sf,L01.fastq.gz,L01,CDC42BPA,ME192,1,CDC42BPA_ME192_1,CDC42BPA_ME192
/media/Data/Projects/DGE_seq_analysis/Sequencing_results/combined_sequencing/salmon_alignment/L02.fastq.gz/quant.sf,L02.fastq.gz,L02,CDC42BPA,ME192,2,CDC42BPA_ME192_2,CDC42BPA_ME192
/media/Data/Projects/DGE_seq_analysis/Sequencing_results/combined_sequencing/salmon_alignment/L03.fastq.gz/quant.sf,L03.fastq.gz,L03,CDC42BPA,ME192,3,CDC42BPA_ME192_3,CDC42BPA_ME192
/media/Data/Projects/DGE_seq_analysis/Sequencing_results/combined_sequencing/salmon_alignment/L04.fastq.gz/quant.sf,L04.fastq.gz,L04,CDK11B_2,ME287,1,CDK11B_2_ME287_1,CDK11B_2_ME287
/media/Data/Projects/DGE_seq_analysis/Sequencing_results/combined_sequencing/salmon_alignment/L05.fastq.gz/quant.sf,L05.fastq.gz,L05,CDK11B_2,ME287,2,CDK11B_2_ME287_2,CDK11B_2_ME287
/media/Data/Projects/DGE_seq_analysis/Sequencing_results/combined_sequencing/salmon_alignment/L06.fastq.gz/quant.sf,L06.fastq.gz,L06,CDK11B_2,ME287,3,CDK11B_2_ME287_3,CDK11B_2_ME287
/media/Data/Projects/DGE_seq_analysis/Sequencing_results/combined_sequencing/salmon_alignment/L07.fastq.gz/quant.sf,L07.fastq.gz,L07,CDKL5,ME308,1,CDKL5_ME308_1,CDKL5_ME308
/media/Data/Projects/DGE_seq_analysis/Sequencing_results/combined_sequencing/salmon_alignment/L08.fastq.gz/quant.sf,L08.fastq.gz,L08,CDKL5,ME308,2,CDKL5_ME308_2,CDKL5_ME308
/media/Data/Projects/DGE_seq_analysis/Sequencing_results/combined_sequencing/salmon_alignment/L09.fastq.gz/quant.sf,L09.fastq.gz,L09,CDKL5,ME308,3,CDKL5_ME308_3,CDKL5_ME308
/media/Data/Projects/DGE_seq_analysis/Sequencing_results/combined_sequencing/salmon_alignment/L10.fastq.gz/quant.sf,L10.fastq.gz,L10,MARK1,CJ25,1,MARK1_CJ25_1,MARK1_CJ25
/media/Data/Projects/DGE_seq_analysis/Sequencing_results/combined_sequencing/salmon_alignment/L11.fastq.gz/quant.sf,L11.fastq.gz,L11,MARK1,CJ25,2,MARK1_CJ25_2,MARK1_CJ25
/media/Data/Projects/DGE_seq_analysis/Sequencing_results/combined_sequencing/salmon_alignment/L12.fastq.gz/quant.sf,L12.fastq.gz,L12,MARK1,CJ25,3,MARK1_CJ25_3,MARK1_CJ25
/media/Data/Projects/DGE_seq_analysis/Sequencing_results/combined_sequencing/salmon_alignment/L13.fastq.gz/quant.sf,L13.fastq.gz,L13,PHKG2,CJ29,1,PHKG2_CJ29_1,PHKG2_CJ29
/media/Data/Projects/DGE_seq_analysis/Sequencing_results/combined_sequencing/salmon_alignment/L14.fastq.gz/quant.sf,L14.fastq.gz,L14,PHKG2,CJ29,2,PHKG2_CJ29_2,PHKG2_CJ29
/media/Data/Projects/DGE_seq_analysis/Sequencing_results/combined_sequencing/salmon_alignment/L15.fastq.gz/quant.sf,L15.fastq.gz,L15,PHKG2,CJ29,3,PHKG2_CJ29_3,PHKG2_CJ29
/media/Data/Projects/DGE_seq_analysis/Sequencing_results/combined_sequencing/salmon_alignment/L16.fastq.gz/quant.sf,L16.fastq.gz,L16,PRAG1,CJ33,1,PRAG1_CJ33_1,PRAG1_CJ33
/media/Data/Projects/DGE_seq_analysis/Sequencing_results/combined_sequencing/salmon_alignment/L17.fastq.gz/quant.sf,L17.fastq.gz,L17,PRAG1,CJ33,2,PRAG1_CJ33_2,PRAG1_CJ33
/media/Data/Projects/DGE_seq_analysis/Sequencing_results/combined_sequencing/salmon_alignment/L18.fastq.gz/quant.sf,L18.fastq.gz,L18,PRAG1,CJ33,3,PRAG1_CJ33_3,PRAG1_CJ33
/media/Data/Projects/DGE_seq_analysis/Sequencing_results/combined_sequencing/salmon_alignment/L19.fastq.gz/quant.sf,L19.fastq.gz,L19,SCYL2,ME326,1,SCYL2_ME326_1,SCYL2_ME326
/media/Data/Projects/DGE_seq_analysis/Sequencing_results/combined_sequencing/salmon_alignment/L20.fastq.gz/quant.sf,L20.fastq.gz,L20,SCYL2,ME326,2,SCYL2_ME326_2,SCYL2_ME326
/media/Data/Projects/DGE_seq_analysis/Sequencing_results/combined_sequencing/salmon_alignment/L21.fastq.gz/quant.sf,L21.fastq.gz,L21,SCYL2,ME326,3,SCYL2_ME326_3,SCYL2_ME326
/media/Data/Projects/DGE_seq_analysis/Sequencing_results/combined_sequencing/salmon_alignment/L22.fastq.gz/quant.sf,L22.fastq.gz,L22,TAOK2,CJ44,1,TAOK2_CJ44_1,TAOK2_CJ44
/media/Data/Projects/DGE_seq_analysis/Sequencing_results/combined_sequencing/salmon_alignment/L23.fastq.gz/quant.sf,L23.fastq.gz,L23,TAOK2,CJ44,2,TAOK2_CJ44_2,TAOK2_CJ44
/media/Data/Projects/DGE_seq_analysis/Sequencing_results/combined_sequencing/salmon_alignment/L24.fastq.gz/quant.sf,L24.fastq.gz,L24,TAOK2,CJ44,3,TAOK2_CJ44_3,TAOK2_CJ44
/media/Data/Projects/DGE_seq_analysis/Sequencing_results/combined_sequencing/salmon_alignment/M01.fastq.gz/quant.sf,M01.fastq.gz,M01,CDC42BPB,ME271,1,CDC42BPB_ME271_1,CDC42BPB_ME271
/media/Data/Projects/DGE_seq_analysis/Sequencing_results/combined_sequencing/salmon_alignment/M02.fastq.gz/quant.sf,M02.fastq.gz,M02,CDC42BPB,ME271,2,CDC42BPB_ME271_2,CDC42BPB_ME271
/media/Data/Projects/DGE_seq_analysis/Sequencing_results/combined_sequencing/salmon_alignment/M03.fastq.gz/quant.sf,M03.fastq.gz,M03,CDC42BPB,ME271,3,CDC42BPB_ME271_3,CDC42BPB_ME271
/media/Data/Projects/DGE_seq_analysis/Sequencing_results/combined_sequencing/salmon_alignment/M04.fastq.gz/quant.sf,M04.fastq.gz,M04,CDK11B_2,ME291,1,CDK11B_2_ME291_1,CDK11B_2_ME291
/media/Data/Projects/DGE_seq_analysis/Sequencing_results/combined_sequencing/salmon_alignment/M05.fastq.gz/quant.sf,M05.fastq.gz,M05,CDK11B_2,ME291,2,CDK11B_2_ME291_2,CDK11B_2_ME291
/media/Data/Projects/DGE_seq_analysis/Sequencing_results/combined_sequencing/salmon_alignment/M06.fastq.gz/quant.sf,M06.fastq.gz,M06,CDK11B_2,ME291,3,CDK11B_2_ME291_3,CDK11B_2_ME291
/media/Data/Projects/DGE_seq_analysis/Sequencing_results/combined_sequencing/salmon_alignment/M07.fastq.gz/quant.sf,M07.fastq.gz,M07,DSTYK,CJ10,1,DSTYK_CJ10_1,DSTYK_CJ10
/media/Data/Projects/DGE_seq_analysis/Sequencing_results/combined_sequencing/salmon_alignment/M08.fastq.gz/quant.sf,M08.fastq.gz,M08,DSTYK,CJ10,2,DSTYK_CJ10_2,DSTYK_CJ10
/media/Data/Projects/DGE_seq_analysis/Sequencing_results/combined_sequencing/salmon_alignment/M09.fastq.gz/quant.sf,M09.fastq.gz,M09,DSTYK,CJ10,3,DSTYK_CJ10_3,DSTYK_CJ10
/media/Data/Projects/DGE_seq_analysis/Sequencing_results/combined_sequencing/salmon_alignment/M10.fastq.gz/quant.sf,M10.fastq.gz,M10,MARK1,CJ26,1,MARK1_CJ26_1,MARK1_CJ26
/media/Data/Projects/DGE_seq_analysis/Sequencing_results/combined_sequencing/salmon_alignment/M11.fastq.gz/quant.sf,M11.fastq.gz,M11,MARK1,CJ26,2,MARK1_CJ26_2,MARK1_CJ26
/media/Data/Projects/DGE_seq_analysis/Sequencing_results/combined_sequencing/salmon_alignment/M12.fastq.gz/quant.sf,M12.fastq.gz,M12,MARK1,CJ26,3,MARK1_CJ26_3,MARK1_CJ26
/media/Data/Projects/DGE_seq_analysis/Sequencing_results/combined_sequencing/salmon_alignment/M13.fastq.gz/quant.sf,M13.fastq.gz,M13,PHKG2,CJ30,1,PHKG2_CJ30_1,PHKG2_CJ30
/media/Data/Projects/DGE_seq_analysis/Sequencing_results/combined_sequencing/salmon_alignment/M14.fastq.gz/quant.sf,M14.fastq.gz,M14,PHKG2,CJ30,2,PHKG2_CJ30_2,PHKG2_CJ30
/media/Data/Projects/DGE_seq_analysis/Sequencing_results/combined_sequencing/salmon_alignment/M15.fastq.gz/quant.sf,M15.fastq.gz,M15,PHKG2,CJ30,3,PHKG2_CJ30_3,PHKG2_CJ30
/media/Data/Projects/DGE_seq_analysis/Sequencing_results/combined_sequencing/salmon_alignment/M16.fastq.gz/quant.sf,M16.fastq.gz,M16,PRPF4B,ME378,1,PRPF4B_ME378_1,PRPF4B_ME378
/media/Data/Projects/DGE_seq_analysis/Sequencing_results/combined_sequencing/salmon_alignment/M17.fastq.gz/quant.sf,M17.fastq.gz,M17,PRPF4B,ME378,2,PRPF4B_ME378_2,PRPF4B_ME378
/media/Data/Projects/DGE_seq_analysis/Sequencing_results/combined_sequencing/salmon_alignment/M18.fastq.gz/quant.sf,M18.fastq.gz,M18,PRPF4B,ME378,3,PRPF4B_ME378_3,PRPF4B_ME378
/media/Data/Projects/DGE_seq_analysis/Sequencing_results/combined_sequencing/salmon_alignment/M19.fastq.gz/quant.sf,M19.fastq.gz,M19,SCYL2,ME327,1,SCYL2_ME327_1,SCYL2_ME327
/media/Data/Projects/DGE_seq_analysis/Sequencing_results/combined_sequencing/salmon_alignment/M20.fastq.gz/quant.sf,M20.fastq.gz,M20,SCYL2,ME327,2,SCYL2_ME327_2,SCYL2_ME327
/media/Data/Projects/DGE_seq_analysis/Sequencing_results/combined_sequencing/salmon_alignment/M21.fastq.gz/quant.sf,M21.fastq.gz,M21,SCYL2,ME327,3,SCYL2_ME327_3,SCYL2_ME327
/media/Data/Projects/DGE_seq_analysis/Sequencing_results/combined_sequencing/salmon_alignment/M22.fastq.gz/quant.sf,M22.fastq.gz,M22,TAOK2,CJ45,1,TAOK2_CJ45_1,TAOK2_CJ45
/media/Data/Projects/DGE_seq_analysis/Sequencing_results/combined_sequencing/salmon_alignment/M23.fastq.gz/quant.sf,M23.fastq.gz,M23,TAOK2,CJ45,2,TAOK2_CJ45_2,TAOK2_CJ45
/media/Data/Projects/DGE_seq_analysis/Sequencing_results/combined_sequencing/salmon_alignment/M24.fastq.gz/quant.sf,M24.fastq.gz,M24,TAOK2,CJ45,3,TAOK2_CJ45_3,TAOK2_CJ45
/media/Data/Projects/DGE_seq_analysis/Sequencing_results/combined_sequencing/salmon_alignment/N01.fastq.gz/quant.sf,N01.fastq.gz,N01,CDC42BPB,ME272,1,CDC42BPB_ME272_1,CDC42BPB_ME272
/media/Data/Projects/DGE_seq_analysis/Sequencing_results/combined_sequencing/salmon_alignment/N02.fastq.gz/quant.sf,N02.fastq.gz,N02,CDC42BPB,ME272,2,CDC42BPB_ME272_2,CDC42BPB_ME272
/media/Data/Projects/DGE_seq_analysis/Sequencing_results/combined_sequencing/salmon_alignment/N03.fastq.gz/quant.sf,N03.fastq.gz,N03,CDC42BPB,ME272,3,CDC42BPB_ME272_3,CDC42BPB_ME272
/media/Data/Projects/DGE_seq_analysis/Sequencing_results/combined_sequencing/salmon_alignment/N04.fastq.gz/quant.sf,N04.fastq.gz,N04,CDK11B_2,ME293,1,CDK11B_2_ME293_1,CDK11B_2_ME293
/media/Data/Projects/DGE_seq_analysis/Sequencing_results/combined_sequencing/salmon_alignment/N05.fastq.gz/quant.sf,N05.fastq.gz,N05,CDK11B_2,ME293,2,CDK11B_2_ME293_2,CDK11B_2_ME293
/media/Data/Projects/DGE_seq_analysis/Sequencing_results/combined_sequencing/salmon_alignment/N06.fastq.gz/quant.sf,N06.fastq.gz,N06,CDK11B_2,ME293,3,CDK11B_2_ME293_3,CDK11B_2_ME293
/media/Data/Projects/DGE_seq_analysis/Sequencing_results/combined_sequencing/salmon_alignment/N07.fastq.gz/quant.sf,N07.fastq.gz,N07,DSTYK,CJ11,1,DSTYK_CJ11_1,DSTYK_CJ11
/media/Data/Projects/DGE_seq_analysis/Sequencing_results/combined_sequencing/salmon_alignment/N08.fastq.gz/quant.sf,N08.fastq.gz,N08,DSTYK,CJ11,2,DSTYK_CJ11_2,DSTYK_CJ11
/media/Data/Projects/DGE_seq_analysis/Sequencing_results/combined_sequencing/salmon_alignment/N09.fastq.gz/quant.sf,N09.fastq.gz,N09,DSTYK,CJ11,3,DSTYK_CJ11_3,DSTYK_CJ11
/media/Data/Projects/DGE_seq_analysis/Sequencing_results/combined_sequencing/salmon_alignment/N10.fastq.gz/quant.sf,N10.fastq.gz,N10,MARK1,CJ27,1,MARK1_CJ27_1,MARK1_CJ27
/media/Data/Projects/DGE_seq_analysis/Sequencing_results/combined_sequencing/salmon_alignment/N11.fastq.gz/quant.sf,N11.fastq.gz,N11,MARK1,CJ27,2,MARK1_CJ27_2,MARK1_CJ27
/media/Data/Projects/DGE_seq_analysis/Sequencing_results/combined_sequencing/salmon_alignment/N12.fastq.gz/quant.sf,N12.fastq.gz,N12,MARK1,CJ27,3,MARK1_CJ27_3,MARK1_CJ27
/media/Data/Projects/DGE_seq_analysis/Sequencing_results/combined_sequencing/salmon_alignment/N13.fastq.gz/quant.sf,N13.fastq.gz,N13,PI4KA,ME372,1,PI4KA_ME372_1,PI4KA_ME372
/media/Data/Projects/DGE_seq_analysis/Sequencing_results/combined_sequencing/salmon_alignment/N14.fastq.gz/quant.sf,N14.fastq.gz,N14,PI4KA,ME372,2,PI4KA_ME372_2,PI4KA_ME372
/media/Data/Projects/DGE_seq_analysis/Sequencing_results/combined_sequencing/salmon_alignment/N15.fastq.gz/quant.sf,N15.fastq.gz,N15,PI4KA,ME372,3,PI4KA_ME372_3,PI4KA_ME372
/media/Data/Projects/DGE_seq_analysis/Sequencing_results/combined_sequencing/salmon_alignment/N16.fastq.gz/quant.sf,N16.fastq.gz,N16,PRPF4B,ME379,1,PRPF4B_ME379_1,PRPF4B_ME379
/media/Data/Projects/DGE_seq_analysis/Sequencing_results/combined_sequencing/salmon_alignment/N17.fastq.gz/quant.sf,N17.fastq.gz,N17,PRPF4B,ME379,2,PRPF4B_ME379_2,PRPF4B_ME379
/media/Data/Projects/DGE_seq_analysis/Sequencing_results/combined_sequencing/salmon_alignment/N18.fastq.gz/quant.sf,N18.fastq.gz,N18,PRPF4B,ME379,3,PRPF4B_ME379_3,PRPF4B_ME379
/media/Data/Projects/DGE_seq_analysis/Sequencing_results/combined_sequencing/salmon_alignment/N19.fastq.gz/quant.sf,N19.fastq.gz,N19,SCYL2,ME328,1,SCYL2_ME328_1,SCYL2_ME328
/media/Data/Projects/DGE_seq_analysis/Sequencing_results/combined_sequencing/salmon_alignment/N20.fastq.gz/quant.sf,N20.fastq.gz,N20,SCYL2,ME328,2,SCYL2_ME328_2,SCYL2_ME328
/media/Data/Projects/DGE_seq_analysis/Sequencing_results/combined_sequencing/salmon_alignment/N21.fastq.gz/quant.sf,N21.fastq.gz,N21,SCYL2,ME328,3,SCYL2_ME328_3,SCYL2_ME328
/media/Data/Projects/DGE_seq_analysis/Sequencing_results/combined_sequencing/salmon_alignment/N22.fastq.gz/quant.sf,N22.fastq.gz,N22,TP53RK,ME387,1,TP53RK_ME387_1,TP53RK_ME387
/media/Data/Projects/DGE_seq_analysis/Sequencing_results/combined_sequencing/salmon_alignment/N23.fastq.gz/quant.sf,N23.fastq.gz,N23,TP53RK,ME387,2,TP53RK_ME387_2,TP53RK_ME387
/media/Data/Projects/DGE_seq_analysis/Sequencing_results/combined_sequencing/salmon_alignment/N24.fastq.gz/quant.sf,N24.fastq.gz,N24,TP53RK,ME387,3,TP53RK_ME387_3,TP53RK_ME387
/media/Data/Projects/DGE_seq_analysis/Sequencing_results/combined_sequencing/salmon_alignment/O01.fastq.gz/quant.sf,O01.fastq.gz,O01,CDC42BPB,ME273,1,CDC42BPB_ME273_1,CDC42BPB_ME273
/media/Data/Projects/DGE_seq_analysis/Sequencing_results/combined_sequencing/salmon_alignment/O02.fastq.gz/quant.sf,O02.fastq.gz,O02,CDC42BPB,ME273,2,CDC42BPB_ME273_2,CDC42BPB_ME273
/media/Data/Projects/DGE_seq_analysis/Sequencing_results/combined_sequencing/salmon_alignment/O03.fastq.gz/quant.sf,O03.fastq.gz,O03,CDC42BPB,ME273,3,CDC42BPB_ME273_3,CDC42BPB_ME273
/media/Data/Projects/DGE_seq_analysis/Sequencing_results/combined_sequencing/salmon_alignment/O04.fastq.gz/quant.sf,O04.fastq.gz,O04,CDK12,CJ4,1,CDK12_CJ4_1,CDK12_CJ4
/media/Data/Projects/DGE_seq_analysis/Sequencing_results/combined_sequencing/salmon_alignment/O05.fastq.gz/quant.sf,O05.fastq.gz,O05,CDK12,CJ4,2,CDK12_CJ4_2,CDK12_CJ4
/media/Data/Projects/DGE_seq_analysis/Sequencing_results/combined_sequencing/salmon_alignment/O06.fastq.gz/quant.sf,O06.fastq.gz,O06,CDK12,CJ4,3,CDK12_CJ4_3,CDK12_CJ4
/media/Data/Projects/DGE_seq_analysis/Sequencing_results/combined_sequencing/salmon_alignment/O07.fastq.gz/quant.sf,O07.fastq.gz,O07,DSTYK,CJ12,1,DSTYK_CJ12_1,DSTYK_CJ12
/media/Data/Projects/DGE_seq_analysis/Sequencing_results/combined_sequencing/salmon_alignment/O08.fastq.gz/quant.sf,O08.fastq.gz,O08,DSTYK,CJ12,2,DSTYK_CJ12_2,DSTYK_CJ12
/media/Data/Projects/DGE_seq_analysis/Sequencing_results/combined_sequencing/salmon_alignment/O09.fastq.gz/quant.sf,O09.fastq.gz,O09,DSTYK,CJ12,3,DSTYK_CJ12_3,DSTYK_CJ12
/media/Data/Projects/DGE_seq_analysis/Sequencing_results/combined_sequencing/salmon_alignment/O10.fastq.gz/quant.sf,O10.fastq.gz,O10,MAST2,ME316,1,MAST2_ME316_1,MAST2_ME316
/media/Data/Projects/DGE_seq_analysis/Sequencing_results/combined_sequencing/salmon_alignment/O11.fastq.gz/quant.sf,O11.fastq.gz,O11,MAST2,ME316,2,MAST2_ME316_2,MAST2_ME316
/media/Data/Projects/DGE_seq_analysis/Sequencing_results/combined_sequencing/salmon_alignment/O12.fastq.gz/quant.sf,O12.fastq.gz,O12,MAST2,ME316,3,MAST2_ME316_3,MAST2_ME316
/media/Data/Projects/DGE_seq_analysis/Sequencing_results/combined_sequencing/salmon_alignment/O13.fastq.gz/quant.sf,O13.fastq.gz,O13,PI4KA,ME373,1,PI4KA_ME373_1,PI4KA_ME373
/media/Data/Projects/DGE_seq_analysis/Sequencing_results/combined_sequencing/salmon_alignment/O14.fastq.gz/quant.sf,O14.fastq.gz,O14,PI4KA,ME373,2,PI4KA_ME373_2,PI4KA_ME373
/media/Data/Projects/DGE_seq_analysis/Sequencing_results/combined_sequencing/salmon_alignment/O15.fastq.gz/quant.sf,O15.fastq.gz,O15,PI4KA,ME373,3,PI4KA_ME373_3,PI4KA_ME373
/media/Data/Projects/DGE_seq_analysis/Sequencing_results/combined_sequencing/salmon_alignment/O16.fastq.gz/quant.sf,O16.fastq.gz,O16,PRPF4B,ME380,1,PRPF4B_ME380_1,PRPF4B_ME380
/media/Data/Projects/DGE_seq_analysis/Sequencing_results/combined_sequencing/salmon_alignment/O17.fastq.gz/quant.sf,O17.fastq.gz,O17,PRPF4B,ME380,2,PRPF4B_ME380_2,PRPF4B_ME380
/media/Data/Projects/DGE_seq_analysis/Sequencing_results/combined_sequencing/salmon_alignment/O18.fastq.gz/quant.sf,O18.fastq.gz,O18,PRPF4B,ME380,3,PRPF4B_ME380_3,PRPF4B_ME380
/media/Data/Projects/DGE_seq_analysis/Sequencing_results/combined_sequencing/salmon_alignment/O19.fastq.gz/quant.sf,O19.fastq.gz,O19,SCYL3,CJ37,1,SCYL3_CJ37_1,SCYL3_CJ37
/media/Data/Projects/DGE_seq_analysis/Sequencing_results/combined_sequencing/salmon_alignment/O20.fastq.gz/quant.sf,O20.fastq.gz,O20,SCYL3,CJ37,2,SCYL3_CJ37_2,SCYL3_CJ37
/media/Data/Projects/DGE_seq_analysis/Sequencing_results/combined_sequencing/salmon_alignment/O21.fastq.gz/quant.sf,O21.fastq.gz,O21,SCYL3,CJ37,3,SCYL3_CJ37_3,SCYL3_CJ37
/media/Data/Projects/DGE_seq_analysis/Sequencing_results/combined_sequencing/salmon_alignment/O22.fastq.gz/quant.sf,O22.fastq.gz,O22,TP53RK,ME388,1,TP53RK_ME388_1,TP53RK_ME388
/media/Data/Projects/DGE_seq_analysis/Sequencing_results/combined_sequencing/salmon_alignment/O23.fastq.gz/quant.sf,O23.fastq.gz,O23,TP53RK,ME388,2,TP53RK_ME388_2,TP53RK_ME388
/media/Data/Projects/DGE_seq_analysis/Sequencing_results/combined_sequencing/salmon_alignment/O24.fastq.gz/quant.sf,O24.fastq.gz,O24,TP53RK,ME388,3,TP53RK_ME388_3,TP53RK_ME388
/media/Data/Projects/DGE_seq_analysis/Sequencing_results/combined_sequencing/salmon_alignment/P01.fastq.gz/quant.sf,P01.fastq.gz,P01,CDK10,ME276,1,CDK10_ME276_1,CDK10_ME276
/media/Data/Projects/DGE_seq_analysis/Sequencing_results/combined_sequencing/salmon_alignment/P02.fastq.gz/quant.sf,P02.fastq.gz,P02,CDK10,ME276,2,CDK10_ME276_2,CDK10_ME276
/media/Data/Projects/DGE_seq_analysis/Sequencing_results/combined_sequencing/salmon_alignment/P03.fastq.gz/quant.sf,P03.fastq.gz,P03,CDK10,ME276,3,CDK10_ME276_3,CDK10_ME276
/media/Data/Projects/DGE_seq_analysis/Sequencing_results/combined_sequencing/salmon_alignment/P04.fastq.gz/quant.sf,P04.fastq.gz,P04,CDK12,CJ5,1,CDK12_CJ5_1,CDK12_CJ5
/media/Data/Projects/DGE_seq_analysis/Sequencing_results/combined_sequencing/salmon_alignment/P05.fastq.gz/quant.sf,P05.fastq.gz,P05,CDK12,CJ5,2,CDK12_CJ5_2,CDK12_CJ5
/media/Data/Projects/DGE_seq_analysis/Sequencing_results/combined_sequencing/salmon_alignment/P06.fastq.gz/quant.sf,P06.fastq.gz,P06,CDK12,CJ5,3,CDK12_CJ5_3,CDK12_CJ5
/media/Data/Projects/DGE_seq_analysis/Sequencing_results/combined_sequencing/salmon_alignment/P07.fastq.gz/quant.sf,P07.fastq.gz,P07,DYRK3,CJ13,1,DYRK3_CJ13_1,DYRK3_CJ13
/media/Data/Projects/DGE_seq_analysis/Sequencing_results/combined_sequencing/salmon_alignment/P08.fastq.gz/quant.sf,P08.fastq.gz,P08,DYRK3,CJ13,2,DYRK3_CJ13_2,DYRK3_CJ13
/media/Data/Projects/DGE_seq_analysis/Sequencing_results/combined_sequencing/salmon_alignment/P09.fastq.gz/quant.sf,P09.fastq.gz,P09,DYRK3,CJ13,3,DYRK3_CJ13_3,DYRK3_CJ13
/media/Data/Projects/DGE_seq_analysis/Sequencing_results/combined_sequencing/salmon_alignment/P10.fastq.gz/quant.sf,P10.fastq.gz,P10,MAST2,ME317,1,MAST2_ME317_1,MAST2_ME317
/media/Data/Projects/DGE_seq_analysis/Sequencing_results/combined_sequencing/salmon_alignment/p11_new1.fastq.gz/quant.sf,p11_new1.fastq.gz,p11_new1,MAST2,ME317,2,MAST2_ME317_2,MAST2_ME317
/media/Data/Projects/DGE_seq_analysis/Sequencing_results/combined_sequencing/salmon_alignment/P12.fastq.gz/quant.sf,P12.fastq.gz,P12,MAST2,ME317,3,MAST2_ME317_3,MAST2_ME317
/media/Data/Projects/DGE_seq_analysis/Sequencing_results/combined_sequencing/salmon_alignment/P13.fastq.gz/quant.sf,P13.fastq.gz,P13,PI4KA,ME374,1,PI4KA_ME374_1,PI4KA_ME374
/media/Data/Projects/DGE_seq_analysis/Sequencing_results/combined_sequencing/salmon_alignment/P14.fastq.gz/quant.sf,P14.fastq.gz,P14,PI4KA,ME374,2,PI4KA_ME374_2,PI4KA_ME374
/media/Data/Projects/DGE_seq_analysis/Sequencing_results/combined_sequencing/salmon_alignment/P15.fastq.gz/quant.sf,P15.fastq.gz,P15,PI4KA,ME374,3,PI4KA_ME374_3,PI4KA_ME374
/media/Data/Projects/DGE_seq_analysis/Sequencing_results/combined_sequencing/salmon_alignment/P16.fastq.gz/quant.sf,P16.fastq.gz,P16,RIOK1,ME381,1,RIOK1_ME381_1,RIOK1_ME381
/media/Data/Projects/DGE_seq_analysis/Sequencing_results/combined_sequencing/salmon_alignment/P17.fastq.gz/quant.sf,P17.fastq.gz,P17,RIOK1,ME381,2,RIOK1_ME381_2,RIOK1_ME381
/media/Data/Projects/DGE_seq_analysis/Sequencing_results/combined_sequencing/salmon_alignment/P18.fastq.gz/quant.sf,P18.fastq.gz,P18,RIOK1,ME381,3,RIOK1_ME381_3,RIOK1_ME381
/media/Data/Projects/DGE_seq_analysis/Sequencing_results/combined_sequencing/salmon_alignment/P19.fastq.gz/quant.sf,P19.fastq.gz,P19,SCYL3,CJ38,1,SCYL3_CJ38_1,SCYL3_CJ38
/media/Data/Projects/DGE_seq_analysis/Sequencing_results/combined_sequencing/salmon_alignment/P20.fastq.gz/quant.sf,P20.fastq.gz,P20,SCYL3,CJ38,2,SCYL3_CJ38_2,SCYL3_CJ38
/media/Data/Projects/DGE_seq_analysis/Sequencing_results/combined_sequencing/salmon_alignment/P21.fastq.gz/quant.sf,P21.fastq.gz,P21,SCYL3,CJ38,3,SCYL3_CJ38_3,SCYL3_CJ38
/media/Data/Projects/DGE_seq_analysis/Sequencing_results/combined_sequencing/salmon_alignment/P22.fastq.gz/quant.sf,P22.fastq.gz,P22,TP53RK,ME389,1,TP53RK_ME389_1,TP53RK_ME389
/media/Data/Projects/DGE_seq_analysis/Sequencing_results/combined_sequencing/salmon_alignment/P23.fastq.gz/quant.sf,P23.fastq.gz,P23,TP53RK,ME389,2,TP53RK_ME389_2,TP53RK_ME389
/media/Data/Projects/DGE_seq_analysis/Sequencing_results/combined_sequencing/salmon_alignment/P24.fastq.gz/quant.sf,P24.fastq.gz,P24,TP53RK,ME389,3,TP53RK_ME389_3,TP53RK_ME389
