[Header],,,,,,,,,,,,,,
IEMFileVersion,4,,,,,,,,,,,,,
Investigator Name,Mike East,,,,,,,,,,,,,
Experiment Name,190205_A,,,,,,,,,,,,,
Date,02/04/19,,,,,,,,,,,,,
Workflow,GenerateFASTQ,,,,,,,,,,,,,
Application,NextSeq FASTQ Only,,,,,,,,,,,,,
Assay,TruSeq LT,,,,,,,,,,,,,
Description,Sequences,,,,,,,,,,,,,
Chemistry,Default,,,,,,,,,,,,,
,,,,,,,,,,,,,,
[Reads],,,,,,,,,,,,,,
17,,,,,,,,,,,,,,
46,,,,,,,,,,,,,,
[Settings],,,,,,,,,,,,,,
,,,,,,,,,,,,,,
[Data],,,,,,,,,,,,,,
Sample_ID,Sample_Name,Sample_Plate,Sample_Well,I7_Index_ID,index,Sample_Project,Description,Reads,Mapped,% Mapped,Unmapped,%Unmapped,Suppressed ,%Suppressed
1,All-Sequences,,,A001,TCCTGAGC,,,,,,,,,
